ProfileName,Timestamp,Search
Alex,2024-12-01 20:10,arcane season 2 trailer
Alex,2024-12-02 06:30,morning meditation netflix
Alex,2024-12-03 19:40,money heist episodes order
Alex,2024-12-04 17:00,netflix documentaries about games
Alex,2024-12-05 21:10,the witcher season 3 recap
Alex,2024-12-06 18:55,planet earth style shows
Alex,2024-12-07 15:40,stranger things running up that hill
Alex,2024-12-07 21:15,best action movies netflix
Alex,2024-12-08 09:45,funny baking shows
Alex,2024-12-09 05:35,sleep stories netflix
Alex,2024-12-09 20:30,shows like dark
Alex,2024-12-10 11:15,food docuseries
Alex,2024-12-10 19:45,avatar last airbender episodes
Alex,2024-12-11 18:40,f1 documentary netflix
Alex,2024-12-12 20:10,crime drama recommendations
Alex,2024-12-13 06:55,stretch videos netflix
Alex,2024-12-13 22:00,period dramas netflix
Alex,2024-12-14 14:30,animated adventure shows
Alex,2024-12-14 20:25,thriller movies 2024
Alex,2024-12-15 09:00,netflix kids science shows
Alex,2024-12-15 19:20,psychedelic animation series
Alex,2024-12-16 17:30,tech documentaries
Alex,2024-12-16 21:30,political dramas netflix
Alex,2024-12-17 19:05,sci fi family shows
Alex,2024-12-18 05:50,bodyweight workouts
Alex,2024-12-18 21:45,korean horror series
Alex,2024-12-19 20:05,feel good comedy
Alex,2024-12-20 22:55,long crime movies
Alex,2024-12-21 13:20,ocean documentaries
Alex,2024-12-21 21:35,mystery movies like knives out
Alex,2024-12-22 10:55,travel food shows
Alex,2024-12-22 19:50,interactive sci fi shows
Alex,2024-12-23 06:40,morning yoga netflix
Alex,2024-12-23 20:35,romantic netflix series
Alex,2024-12-24 17:10,holiday romcoms
Alex,2024-12-24 22:40,best batman movie
Alex,2024-12-25 09:20,best christmas movies
Alex,2024-12-25 20:40,spy thrillers netflix
Alex,2024-12-26 18:25,tech startup series
Alex,2024-12-26 21:55,mission impossible style shows
Alex,2024-12-27 18:05,baby animal documentary
Alex,2024-12-27 22:50,assassin movies 2023
Alex,2024-12-28 08:55,home reset shows
Alex,2024-12-28 20:50,epic space movie
Alex,2024-12-29 07:55,quick yoga videos
Alex,2024-12-29 19:05,dark fantasy series
Alex,2024-12-30 17:50,smart sci fi series
Alex,2024-12-30 21:50,cyberpunk movies
Alex,2024-12-31 16:00,mystery movies netflix
Alex,2024-12-31 20:45,chess drama show
